ประเทศ,ปี,นักเรียนและนักศึกษา,ข้าราชการและเจ้าหน้าที่รัฐวิสาหกิจ,นักบริหารและผู้จัดการ,นักวิชาชีพ,ผู้ปฏิบัติงานด้านการเกษตร,ผู้ปฏิบัติงานธุรกิจและนักธุรกิจการค้า,ผู้ใช้แรงงานและปฏิบัติงานบริการ,แม่บ้าน,ผู้ที่เกษียณอายุ,อื่น_ๆ,ไม่ระบุ
กัมพูชา,2554,32772,7725,27255,69775,6340,62815,43094,19095,2261,133,0
กัมพูชา,2555,51239,12465,55881,80437,20172,92744,73475,41896,2229,0,0
กัมพูชา,2556,84444,13518,57687,83527,27491,94273,76305,47061,2695,0,0
กัมพูชา,2557,95005,17524,63486,92215,30982,118166,76354,58965,3155,0,0
กัมพูชา,2558,86481,20950,58170,79740,31089,116276,84485,63316,4311,0,0
กัมพูชา,2559,55995,4925,35179,44399,164562,48644,170460,155161,5042,211,258
กัมพูชา,2560,127519,8067,60063,89873,123343,74037,240280,111308,17347,31,11
กัมพูชา,2561,144285,7831,33523,80630,99190,110906,351889,92662,30057,3,4
กัมพูชา,2562,160648,10130,54596,106121,44697,149464,311224,50587,37959,0,11
กัมพูชา,2563,24701,797,11856,23999,6293,29404,54413,8471,4333,0,3
บรูไนดารุสซาลาม,2554,528,229,2409,3433,13,1807,1018,585,103,17,0
บรูไนดารุสซาลาม,2555,1187,420,2707,4319,17,2602,1057,855,155,0,0
บรูไนดารุสซาลาม,2556,2411,265,2965,5399,10,2630,938,1310,253,0,0
บรูไนดารุสซาลาม,2557,1702,491,2872,4846,10,2154,763,884,205,0,0
บรูไนดารุสซาลาม,2558,1783,898,4135,5493,52,3152,918,788,214,0,0
บรูไนดารุสซาลาม,2559,3994,797,2369,4108,24,2643,2247,1108,665,30,9
บรูไนดารุสซาลาม,2560,4393,655,1737,4281,14,2238,2958,1061,909,3,0
บรูไนดารุสซาลาม,2561,3263,433,1978,4721,7,2137,4116,1019,777,4,5
บรูไนดารุสซาลาม,2562,4054,674,2770,4060,15,2255,4112,910,992,0,16
บรูไนดารุสซาลาม,2563,389,65,335,531,3,269,603,82,165,0,2
พม่า,2554,16501,292,15039,34074,728,33679,5525,4633,1002,72,0
พม่า,2555,20179,309,16826,37066,1342,41418,6826,5015,581,152,0
พม่า,2556,30622,539,25503,51761,1716,45694,9750,6263,1399,25,0
พม่า,2557,36189,404,26891,64336,2270,55746,10316,8577,3020,0,0
พม่า,2558,46586,948,36864,79675,1961,69908,11603,12781,3096,0,0
พม่า,2559,83845,1334,26766,66201,3837,95023,64827,9983,9544,2059,452
พม่า,2560,84493,2253,30530,78246,2255,89662,81955,8216,9989,112,11
พม่า,2561,78684,771,28698,71973,1537,82233,96833,8429,10692,24,6
พม่า,2562,79330,892,36525,70136,1542,82280,93666,8148,16754,0,28
พม่า,2563,8554,71,6045,10067,173,9239,17427,747,2609,6,3
ฟิลิปปินส์,2554,17305,1215,36886,81493,2749,52311,53496,14345,2951,88,0
ฟิลิปปินส์,2555,21907,1196,38201,77420,2952,62982,54659,17843,3330,95,0
ฟิลิปปินส์,2556,25510,1524,44910,96368,1251,61449,65080,15434,3493,21,0
ฟิลิปปินส์,2557,24011,1897,56071,105324,1643,48095,40646,14646,4006,0,0
ฟิลิปปินส์,2558,27078,2221,56671,96396,2291,50815,44485,18738,2602,0,0
ฟิลิปปินส์,2559,34365,1942,54239,96372,1300,46483,60946,17321,9850,605,437
ฟิลิปปินส์,2560,42071,2840,43081,100574,1343,52428,88097,16152,14582,35,15
ฟิลิปปินส์,2561,40703,2216,44334,103353,873,55836,126736,16679,17070,17,15
ฟิลิปปินส์,2562,52207,2410,63198,119807,1348,63953,130708,20344,19583,1,6
ฟิลิปปินส์,2563,5378,214,10283,17602,285,8796,20162,2694,2945,0,0
มาเลเซีย,2554,399371,3604,580731,591443,4786,341616,216327,315752,38326,78,0
มาเลเซีย,2555,337212,4409,595879,619003,2548,370368,249421,341569,25302,361,0
มาเลเซีย,2556,282196,1809,740121,859489,1089,375600,303959,446733,19841,235,0
มาเลเซีย,2557,185627,1493,655696,710298,934,316772,253988,465687,13134,42,0
มาเลเซีย,2558,357845,2803,756955,851994,1692,382929,382379,657480,13436,40,0
มาเลเซีย,2559,555710,3774,760776,801661,1011,331745,443795,579716,25908,1923,180
มาเลเซีย,2560,638526,3811,709015,714076,4323,400192,435613,537810,49612,134,0
มาเลเซีย,2561,659993,4525,821308,815311,3068,493103,539539,634217,71792,134,8
มาเลเซีย,2562,657121,4343,879875,920714,9398,551482,575800,614543,61062,91,29
มาเลเซีย,2563,87487,814,128432,133691,1185,95061,104551,48515,13156,27,3
ลาว,2554,122263,4022,151112,228122,32382,86064,204080,52965,14142,207,0
ลาว,2555,108434,6355,149130,188962,97210,76910,250204,77805,25435,636,0
ลาว,2556,116536,5284,99641,214673,130541,48342,265284,85121,19464,0,0
ลาว,2557,126765,4240,205253,353698,73794,98292,106941,62509,32244,0,0
ลาว,2558,154253,4998,266987,438284,47669,99912,90252,79782,48384,0,0
ลาว,2559,134189,694,152465,285143,236376,54451,292387,223173,35871,101,66
ลาว,2560,461227,1656,72650,292206,89162,81864,542530,98902,52265,403,1
ลาว,2561,285918,2668,85069,231012,75252,85221,773248,81895,61971,44,6
ลาว,2562,282685,7996,90481,218591,66814,104726,938886,65766,80791,18,8
ลาว,2563,54336,1300,22618,57139,13576,28684,174055,13719,16817,0,2
สิงคโปร์,2554,77800,5111,201821,221630,771,135799,76221,58249,11816,121,0
สิงคโปร์,2555,103310,4473,258199,263943,1226,174890,95139,83180,10174,97,0
สิงคโปร์,2556,109330,812,316783,383995,942,124440,60928,59722,10259,75,0
สิงคโปร์,2557,95180,2764,294035,331723,587,100134,59388,63173,13480,0,0
สิงคโปร์,2558,116079,7412,297394,339833,1177,133145,76359,89089,14030,237,0
สิงคโปร์,2559,165318,15283,248557,380502,210,144057,117702,63453,25329,2454,444
สิงคโปร์,2560,215082,16900,248680,369422,342,144012,163265,66471,35104,195,50
สิงคโปร์,2561,184841,11307,210933,316877,311,135914,201077,65361,41227,222,42
สิงคโปร์,2562,198687,11577,219077,311780,287,119443,185146,54360,49551,67,49
สิงคโปร์,2563,17127,1120,28657,34156,36,14110,24266,5522,7512,0,5
อินโดนีเซีย,2554,36968,4408,51473,84727,888,54367,87838,47337,2573,102,0
อินโดนีเซีย,2555,44956,5531,67445,92839,758,64066,118101,53702,1879,83,0
อินโดนีเซีย,2556,59433,5074,95634,124390,662,63014,181927,62528,2327,26,0
อินโดนีเซีย,2557,45865,4383,97826,126092,569,50220,118233,50344,2130,0,0
อินโดนีเซีย,2558,51417,7786,99807,109920,647,48835,100354,50068,1771,215,0
อินโดนีเซีย,2559,112497,7637,59225,93103,418,52184,153566,72007,5475,2185,202
อินโดนีเซีย,2560,118846,7328,50866,93562,511,52496,185428,75754,9066,202,1
อินโดนีเซีย,2561,123562,6612,49392,94804,556,56896,218066,84427,9980,171,13
อินโดนีเซีย,2562,133479,7372,63953,102787,628,63111,234849,85669,14849,202,9
อินโดนีเซีย,2563,16248,764,10622,13732,47,7423,38108,7878,2161,0,10
เวียดนาม,2554,46574,1328,86276,145835,4213,132546,65260,26128,6508,133,0
เวียดนาม,2555,63724,926,119699,160873,8962,177236,74835,25199,5776,117,0
เวียดนาม,2556,70686,812,157768,214122,9046,184622,70762,25524,7289,57,0
เวียดนาม,2557,68014,1067,112054,183740,6446,133012,48101,15198,5552,0,0
เวียดนาม,2558,107697,1693,151697,201837,7211,199866,65509,25332,6559,242,0
เวียดนาม,2559,135067,1095,65839,140222,49022,146105,245890,67466,11290,1494,317
เวียดนาม,2560,196855,1278,57400,167328,18868,187657,309064,26485,20517,243,0
เวียดนาม,2561,184460,2076,65323,136026,11302,179274,420077,19542,35426,210,7
เวียดนาม,2562,174637,3222,74754,120091,5491,193073,456526,14794,37806,198,17
เวียดนาม,2563,19220,138,13268,16670,348,18945,55897,1698,5023,81,20
